study	individual	group	count	intervention	measurement_type	substance	tissue	method	label	time	time_unit	value	mean	mean_pm	mean_sd	mean_se	comments	mean_unit	value_unit
Singhvi1982		fasting	12.0	CAP100	concentration	captopril	blood	scintillation counting	CAP100_captopril_blood_fasting	0.325991189427313	hr		0.0033970957482100084	510.216622303845	0.0017891349091979734	0.000516478760721004		mole/meter^3	ng/ml
Singhvi1982		fasting	12.0	CAP100	concentration	captopril	blood	scintillation counting	CAP100_captopril_blood_fasting	0.671440028826148	hr		0.006515131057081844	958.472524108966	0.002898598686296776	0.0008367533659030689		mole/meter^3	ng/ml
Singhvi1982		fasting	12.0	CAP100	concentration	captopril	blood	scintillation counting	CAP100_captopril_blood_fasting	1.0	hr		0.005624943115041389	800.663311365019	0.0017891349091979734	0.0005164787607210048		mole/meter^3	ng/ml
Singhvi1982		fasting	12.0	CAP100	concentration	captopril	blood	scintillation counting	CAP100_captopril_blood_fasting	1.5	hr		0.003349711939426115	471.716666860391	0.0009302908539989184	0.00026855183749046187		mole/meter^3	ng/ml
Singhvi1982		fasting	12.0	CAP100	concentration	captopril	blood	scintillation counting	CAP100_captopril_blood_fasting	2.0	hr		0.0019215644181818426	278.807744315166	0.0007517356265659057	0.00021700738317862868		mole/meter^3	ng/ml
Singhvi1982		fasting	12.0	CAP100	concentration	captopril	blood	scintillation counting	CAP100_captopril_blood_fasting	3.0	hr		0.0007387761074994393	113.822990402907	0.0004652071965661382	0.00013429375008320563		mole/meter^3	ng/ml
Singhvi1982		fasting	12.0	CAP100	concentration	captopril	blood	scintillation counting	CAP100_captopril_blood_fasting	4.0	hr		0.00025830476193308254	48.4759723981882	0.00039326624123278025	0.00011352618511946907	SD > mean	mole/meter^3	ng/ml
Singhvi1982		fasting	12.0	CAP100	concentration	captopril	blood	scintillation counting	CAP100_captopril_blood_fasting	6.0	hr		0.00011363317314733032	29.633590211508	0.00039376039776626784	0.00011366883582328433	SD > mean	mole/meter^3	ng/ml
