study	individual	group	count	intervention	measurement_type	substance	tissue	method	label	time	time_unit	value	mean	mean_pm	mean_sd	mean_se	comments	mean_unit	value_unit
Duchin1984		MiRI	4.0	CAP100	concentration	captopril	blood	scintillation counting	CAP100_captopril_blood_MiRI	0.53171480964845	hr		0.004845123748943399	0.878108354266828	0.003780667878490277	0.0018903339392451386		mole/meter^3	µg/ml
Duchin1984		MiRI	4.0	CAP100	concentration	captopril	blood	scintillation counting	CAP100_captopril_blood_MiRI	1.02024983151262	hr		0.004941862720217594	0.85201729689776	0.0031869313298244543	0.0015934656649122271		mole/meter^3	µg/ml
Duchin1984		MiRI	4.0	CAP100	concentration	captopril	blood	scintillation counting	CAP100_captopril_blood_MiRI	1.4489130605144	hr		0.003966802879169154	0.543611091630027	0.00040584230342430446	0.00020292115171215223		mole/meter^3	µg/ml
Duchin1984		MiRI	4.0	CAP100	concentration	captopril	blood	scintillation counting	CAP100_captopril_blood_MiRI	1.92945472783412	hr		0.0028815686138834937	0.394890471625382	0.00029481234116140857	0.00014740617058070428		mole/meter^3	µg/ml
Duchin1984		MiRI	4.0	CAP100	concentration	captopril	blood	scintillation counting	CAP100_captopril_blood_MiRI	3.95326238578123	hr		0.000600678624639076	0.0823206280508074	6.15099228814138e-05	3.07549614407069e-05		mole/meter^3	µg/ml
Duchin1984		MiRI	4.0	CAP100	concentration	captopril	blood	scintillation counting	CAP100_captopril_blood_MiRI	6.00222560067709	hr		0.00036435426734384867	0.0568523222885766	0.000143453561001936	7.1726780500968e-05		mole/meter^3	µg/ml
Duchin1984		MiRI	4.0	CAP100	concentration	captopril	blood	scintillation counting	CAP100_captopril_blood_MiRI	7.94131937369716	hr		0.00020816755191734048	0.0331351556213334	9.198585130616163e-05	4.599292565308081e-05		mole/meter^3	µg/ml
Duchin1984		MiRI	4.0	CAP100	concentration	captopril	blood	scintillation counting	CAP100_captopril_blood_MiRI	11.8916038430795	hr		0.00014509707254781122	0.0247679789219145	8.976733286979158e-05	4.488366643489579e-05		mole/meter^3	µg/ml
Duchin1984		MiRI	4.0	CAP100	concentration	captopril	blood	scintillation counting	CAP100_captopril_blood_MiRI	23.9039700327571	hr		4.674026689227358e-05	0.0120136922952465	9.081953747741214e-05	4.5409768738705686e-05		mole/meter^3	µg/ml
