study	individual	group	count	intervention	measurement_type	substance	tissue	method	label	time	time_unit	value	mean	mean_pm	mean_sd	mean_se	comments	mean_unit	value_unit
Duchin1984		SRI	8.0	CAP100	concentration	captopril	blood	scintillation counting	CAP100_captopril_blood_SRI	0.372553014748523	hr		0.005628094433870799	0.852275622895798	0.0025716495547945324	0.0009092154195152909		mole/meter^3	µg/ml
Duchin1984		SRI	8.0	CAP100	concentration	captopril	blood	scintillation counting	CAP100_captopril_blood_SRI	0.975659451749917	hr		0.00744121879203964	1.50513246089456	0.011607230156041986	0.0041037755770651435		mole/meter^3	µg/ml
Duchin1984		SRI	8.0	CAP100	concentration	captopril	blood	scintillation counting	CAP100_captopril_blood_SRI	1.51160603733367	hr		0.005681972301958709	0.835031274101328	0.002045140043574828	0.0007230661966439552		mole/meter^3	µg/ml
Duchin1984		SRI	8.0	CAP100	concentration	captopril	blood	scintillation counting	CAP100_captopril_blood_SRI	2.04755262291742	hr		0.004338645340567479	0.718754226643326	0.0033219866914534976	0.0011744996582691164		mole/meter^3	µg/ml
Duchin1984		SRI	8.0	CAP100	concentration	captopril	blood	scintillation counting	CAP100_captopril_blood_SRI	3.92183753115057	hr		0.0015818593224816177	0.234804657182308	0.0006199641555603883	0.00021919042924467094		mole/meter^3	µg/ml
Duchin1984		SRI	8.0	CAP100	concentration	captopril	blood	scintillation counting	CAP100_captopril_blood_SRI	5.92362428098992	hr		0.0012945401523237067	0.201994653423271	0.0007208053412796004	0.0002548431723671445		mole/meter^3	µg/ml
Duchin1984		SRI	8.0	CAP100	concentration	captopril	blood	scintillation counting	CAP100_captopril_blood_SRI	7.92729182013385	hr		0.0011474795308074877	0.170323428853817	0.0004496415050822115	0.00015897227867327855		mole/meter^3	µg/ml
Duchin1984		SRI	8.0	CAP100	concentration	captopril	blood	scintillation counting	CAP100_captopril_blood_SRI	11.8827484601038	hr		0.0009962432415932222	0.153902301294272	0.0005211424033081881	0.00018425166367153734		mole/meter^3	µg/ml
Duchin1984		SRI	8.0	CAP100	concentration	captopril	blood	scintillation counting	CAP100_captopril_blood_SRI	23.9115715561964	hr		0.0006454510032143659	0.0939163257864331	0.00021192393484136424	7.492642571103158e-05		mole/meter^3	µg/ml
