study	individual	group	count	intervention	measurement_type	substance	tissue	method	label	time	time_unit	value	mean	mean_pm	mean_sd	mean_se	comments	mean_unit	value_unit
Duchin1984		INTD	3.0	CAP100	concentration	captopril	blood	scintillation counting	CAP100_captopril_blood_INTD	0.95520586806263	hr		0.0031223385489762595	0.445325907761274	0.00050835186739994	0.0002934970874864041		mole/meter^3	µg/ml
Duchin1984		INTD	3.0	CAP100	concentration	captopril	blood	scintillation counting	CAP100_captopril_blood_INTD	1.49021205899409	hr		0.00229083680391146	0.346906823783242	0.000641003197089414	0.00037008336839098417		mole/meter^3	µg/ml
Duchin1984		INTD	3.0	CAP100	concentration	captopril	blood	scintillation counting	CAP100_captopril_blood_INTD	1.97545569957526	hr		0.0020318277340426777	0.292704553221988	0.00036951293685502065	0.00021333839356229526		mole/meter^3	µg/ml
Duchin1984		INTD	3.0	CAP100	concentration	captopril	blood	scintillation counting	CAP100_captopril_blood_INTD	4.02253812516653	hr		0.0011378547110733291	0.184774754683371	0.00048401259317467293	0.0002794448009605663		mole/meter^3	µg/ml
Duchin1984		INTD	3.0	CAP100	concentration	captopril	blood	scintillation counting	CAP100_captopril_blood_INTD	5.91798191307619	hr		0.0010187561911108834	0.141017164482482	0.00010895350467316196	6.290433525220331e-05		mole/meter^3	µg/ml
Duchin1984		INTD	3.0	CAP100	concentration	captopril	blood	scintillation counting	CAP100_captopril_blood_INTD	7.43899189693275	hr		0.001136303549597326	0.166992894431925	0.0002504574399343841	0.00014460167036666128		mole/meter^3	µg/ml
Duchin1984		INTD	3.0	CAP100	concentration	captopril	blood	scintillation counting	CAP100_captopril_blood_INTD	11.5036126827892	hr		0.0010164865922126468	0.13930546425961	9.014368154328107e-05	5.2044478804757187e-05		mole/meter^3	µg/ml
Duchin1984		INTD	3.0	CAP100	concentration	captopril	blood	scintillation counting	CAP100_captopril_blood_INTD	23.8082848768867	hr		0.0008040016012382201	0.116981158854252	0.0001615877429746761	9.329272690417345e-05		mole/meter^3	µg/ml
