study	individual	group	count	intervention	measurement_type	substance	tissue	method	label	time	time_unit	value	mean	mean_pm	mean_sd	mean_se	comments	mean_unit	value_unit
Duchin1984		MoRI	6.0	CAP100	concentration	captopril	blood	scintillation counting	CAP100_captopril_blood_MoRI	0.62888892371832	hr		0.003000513169493959	0.46817743966325	0.0014466766205419072	0.0005906032571902723		mole/meter^3	µg/ml
Duchin1984		MoRI	6.0	CAP100	concentration	captopril	blood	scintillation counting	CAP100_captopril_blood_MoRI	1.29139695625598	hr		0.004941327708848278	0.794445776047741	0.002822799512265143	0.00115240307520447		mole/meter^3	µg/ml
Duchin1984		MoRI	6.0	CAP100	concentration	captopril	blood	scintillation counting	CAP100_captopril_blood_MoRI	1.98909142203345	hr		0.0036251802575278163	0.532761993268941	0.001130014920313022	0.0004613266594164499		mole/meter^3	µg/ml
Duchin1984		MoRI	6.0	CAP100	concentration	captopril	blood	scintillation counting	CAP100_captopril_blood_MoRI	3.91031769666003	hr		0.000969933836915564	0.134256222392257	0.0001466446824518888	5.9867440916599545e-05		mole/meter^3	µg/ml
Duchin1984		MoRI	6.0	CAP100	concentration	captopril	blood	scintillation counting	CAP100_captopril_blood_MoRI	5.96045640487124	hr		0.0006184433011859009	0.0927201140883005	0.0002272114464706146	9.275868459544989e-05		mole/meter^3	µg/ml
Duchin1984		MoRI	6.0	CAP100	concentration	captopril	blood	scintillation counting	CAP100_captopril_blood_MoRI	7.96106766139523	hr		0.0004814724703021737	0.0729073550425281	0.0001904659090342154	7.775738175486419e-05		mole/meter^3	µg/ml
Duchin1984		MoRI	6.0	CAP100	concentration	captopril	blood	scintillation counting	CAP100_captopril_blood_MoRI	11.9120574267668	hr		0.0003457982041270711	0.052365038163717	0.00013683707278180267	5.5863501035250165e-05		mole/meter^3	µg/ml
Duchin1984		MoRI	6.0	CAP100	concentration	captopril	blood	scintillation counting	CAP100_captopril_blood_MoRI	23.9826497186653	hr		0.00013199108414725972	0.0218665496770769	8.753124511026914e-05	3.573448117844075e-05		mole/meter^3	µg/ml
